Timezone,State,city
 Hawaii-Aleutian Daylight Time ,Alaska,Adak  
 Alaska Daylight Time ,Alaska,Akiachak  
 Alaska Daylight Time ,Alaska,Akiak  
 Alaska Daylight Time ,Alaska,Akutan  
 Alaska Daylight Time ,Alaska,Alakanuk  
 Alaska Daylight Time ,Alaska,Aleknagik  
 Alaska Daylight Time ,Alaska,Allakaket  
 Alaska Daylight Time ,Alaska,Ambler  
 Alaska Daylight Time ,Alaska,Anaktuvuk Pass 
 Alaska Daylight Time ,Alaska,Anchor Point 
 Alaska Daylight Time ,Alaska,Anchorage  
 Alaska Daylight Time ,Alaska,Anderson  
 Alaska Daylight Time ,Alaska,Angoon  
 Alaska Daylight Time ,Alaska,Aniak  
 Alaska Daylight Time ,Alaska,Anvik  
 Alaska Daylight Time ,Alaska,Arctic Village 
 Hawaii-Aleutian Daylight Time ,Alaska,Atka  
 Alaska Daylight Time ,Alaska,Atqasuk   
 Alaska Daylight Time ,Alaska,Auke Bay  
 Alaska Daylight Time ,Alaska,Barrow  
 Alaska Daylight Time ,Alaska,Beaver  
 Alaska Daylight Time ,Alaska,Bethel  
 Alaska Daylight Time ,Alaska,Bettles Field 
 Alaska Daylight Time ,Alaska,Big Lake 
 Alaska Daylight Time ,Alaska,Brevig Mission 
 Alaska Daylight Time ,Alaska,Buckland  
 Alaska Daylight Time ,Alaska,Cantwell  
 Alaska Daylight Time ,Alaska,Central  
 Alaska Daylight Time ,Alaska,Chalkyitsik  
 Alaska Daylight Time ,Alaska,Chefornak  
 Alaska Daylight Time ,Alaska,Chevak  
 Alaska Daylight Time ,Alaska,Chicken  
 Alaska Daylight Time ,Alaska,Chignik  
 Alaska Daylight Time ,Alaska,Chignik Lagoon 
 Alaska Daylight Time ,Alaska,Chignik Lake 
 Alaska Daylight Time ,Alaska,Chitina  
 Hawaii-Aleutian Daylight Time ,Alaska,Adak  
 Alaska Daylight Time ,Alaska,Akiachak  
 Alaska Daylight Time ,Alaska,Akiak  
 Alaska Daylight Time ,Alaska,Akutan  
 Alaska Daylight Time ,Alaska,Alakanuk  
 Alaska Daylight Time ,Alaska,Aleknagik  
 Alaska Daylight Time ,Alaska,Allakaket  
 Alaska Daylight Time ,Alaska,Ambler  
 Alaska Daylight Time ,Alaska,Anaktuvuk Pass 
 Alaska Daylight Time ,Alaska,Anchor Point 
 Alaska Daylight Time ,Alaska,Anchorage  
 Alaska Daylight Time ,Alaska,Anderson  
 Alaska Daylight Time ,Alaska,Angoon  
 Alaska Daylight Time ,Alaska,Aniak  
 Alaska Daylight Time ,Alaska,Anvik  
 Alaska Daylight Time ,Alaska,Arctic Village 
 Hawaii-Aleutian Daylight Time ,Alaska,Atka  
 Alaska Daylight Time ,Alaska,Atqasuk  
 Alaska Daylight Time ,Alaska,Auke Bay 
 Alaska Daylight Time ,Alaska,Barrow  
 Alaska Daylight Time ,Alaska,Beaver  
 Alaska Daylight Time ,Alaska,Bethel  
 Alaska Daylight Time ,Alaska,Bettles Field 
 Alaska Daylight Time ,Alaska,Big Lake 
 Alaska Daylight Time ,Alaska,Brevig Mission 
 Alaska Daylight Time ,Alaska,Buckland  
 Alaska Daylight Time ,Alaska,Cantwell  
 Alaska Daylight Time ,Alaska,Central  
 Alaska Daylight Time ,Alaska,Chalkyitsik  
 Alaska Daylight Time ,Alaska,Chefornak  
 Alaska Daylight Time ,Alaska,Chevak  
 Alaska Daylight Time ,Alaska,Chicken  
 Alaska Daylight Time ,Alaska,Chignik  
 Alaska Daylight Time ,Alaska,Chignik Lagoon 
 Alaska Daylight Time ,Alaska,Chignik Lake 
 Alaska Daylight Time ,Alaska,Chitina  
 Alaska Daylight Time ,Alaska,Chugiak  
 Alaska Daylight Time ,Alaska,Circle  
 Alaska Daylight Time ,Alaska,Clam Gulch 
 Alaska Daylight Time ,Alaska,Clarks Point 
 Alaska Daylight Time ,Alaska,Clear  
 Alaska Daylight Time ,Alaska,Coffman Cove 
 Alaska Daylight Time ,Alaska,Cold Bay 
 Alaska Daylight Time ,Alaska,Cooper Landing 
 Alaska Daylight Time ,Alaska,Copper Center 
 Alaska Daylight Time ,Alaska,Cordova  
 Alaska Daylight Time ,Alaska,Craig  
 Alaska Daylight Time ,Alaska,Crooked Creek 
 Alaska Daylight Time ,Alaska,Deering  
 Alaska Daylight Time ,Alaska,Delta Junction 
 Alaska Daylight Time ,Alaska,Dillingham  
 Alaska Daylight Time ,Alaska,Douglas  
 Hawaii-Aleutian Daylight Time ,Alaska,Dutch Harbor 
 Alaska Daylight Time ,Alaska,Eagle  
 Alaska Daylight Time ,Alaska,Eagle River 
 Alaska Daylight Time ,Alaska,Eek  
 Alaska Daylight Time ,Alaska,Egegik  
 Alaska Daylight Time ,Alaska,Eielson Afb 
 Alaska Daylight Time ,Alaska,Ekwok  
 Alaska Daylight Time ,Alaska,Elfin Cove 
 Alaska Daylight Time ,Alaska,Elim  
 Alaska Daylight Time ,Alaska,Emmonak  
 Alaska Daylight Time ,Alaska,Ester  
 Alaska Daylight Time ,Alaska,Fairbanks  
 Alaska Daylight Time ,Alaska,FALSE Pass 
 Alaska Daylight Time ,Alaska,Fort Greely 
 Alaska Daylight Time ,Alaska,Fort Yukon 
 Alaska Daylight Time ,Alaska,Gakona  
 Alaska Daylight Time ,Alaska,Galena  
 Alaska Daylight Time ,Alaska,Gambell  
 Alaska Daylight Time ,Alaska,Girdwood  
 Alaska Daylight Time ,Alaska,Glennallen  
 Alaska Daylight Time ,Alaska,Goodnews Bay 
 Alaska Daylight Time ,Alaska,Grayling  
 Alaska Daylight Time ,Alaska,Gustavus  
 Alaska Daylight Time ,Alaska,Haines  
 Alaska Daylight Time ,Alaska,Healy  
 Alaska Daylight Time ,Alaska,Holy Cross 
 Alaska Daylight Time ,Alaska,Homer  
 Alaska Daylight Time ,Alaska,Hoonah  
 Alaska Daylight Time ,Alaska,Hooper Bay 
 Alaska Daylight Time ,Alaska,Hope  
 Alaska Daylight Time ,Alaska,Houston  
 Alaska Daylight Time ,Alaska,Hughes  
 Alaska Daylight Time ,Alaska,Huslia  
 Alaska Daylight Time ,Alaska,Hydaburg  
 Alaska Daylight Time ,Alaska,Hyder  
 Alaska Daylight Time ,Alaska,Iliamna  
 Alaska Daylight Time ,Alaska,Juneau  
 Alaska Daylight Time ,Alaska,Kake  
 Alaska Daylight Time ,Alaska,Kaktovik  
 Alaska Daylight Time ,Alaska,Kalskag  
 Alaska Daylight Time ,Alaska,Kaltag  
 Alaska Daylight Time ,Alaska,Karluk  
 Alaska Daylight Time ,Alaska,Kasigluk  
 Alaska Daylight Time ,Alaska,Kenai  
 Alaska Daylight Time ,Alaska,Ketchikan  
 Alaska Daylight Time ,Alaska,Kiana  
 Alaska Daylight Time ,Alaska,King Cove 
 Alaska Daylight Time ,Alaska,King Salmon 
 Alaska Daylight Time ,Alaska,Kipnuk  
 Alaska Daylight Time ,Alaska,Kivalina  
 Alaska Daylight Time ,Alaska,Klawock  
 Alaska Daylight Time ,Alaska,Kobuk  
 Alaska Daylight Time ,Alaska,Kodiak  
 Alaska Daylight Time ,Alaska,Kongiganak  
 Alaska Daylight Time ,Alaska,Kotlik  
 Alaska Daylight Time ,Alaska,Kotzebue  
 Alaska Daylight Time ,Alaska,Koyuk  
 Alaska Daylight Time ,Alaska,Koyukuk  
 Alaska Daylight Time ,Alaska,Kwethluk  
 Alaska Daylight Time ,Alaska,Kwigillingok  
 Alaska Daylight Time ,Alaska,Lake Minchumina 
 Alaska Daylight Time ,Alaska,Larsen Bay 
 Alaska Daylight Time ,Alaska,Levelock  
 Alaska Daylight Time ,Alaska,Lower Kalskag 
 Alaska Daylight Time ,Alaska,Manley Hot Springs
 Alaska Daylight Time ,Alaska,Manokotak  
 Alaska Daylight Time ,Alaska,Marshall  
 Alaska Daylight Time ,Alaska,Mc Grath 
 Alaska Daylight Time ,Alaska,Mekoryuk  
 Alaska Daylight Time ,Alaska,Metlakatla  
 Alaska Daylight Time ,Alaska,Meyers Chuck 
 Alaska Daylight Time ,Alaska,Minto  
 Alaska Daylight Time ,Alaska,Moose Pass 
 Alaska Daylight Time ,Alaska,Mountain Village 
 Alaska Daylight Time ,Alaska,Naknek  
 Alaska Daylight Time ,Alaska,Napakiak  
 Alaska Daylight Time ,Alaska,Nenana  
 Alaska Daylight Time ,Alaska,New Stuyahok 
 Alaska Daylight Time ,Alaska,Nightmute  
 Alaska Daylight Time ,Alaska,Nikiski  
 Alaska Daylight Time ,Alaska,Nikolai  
 Alaska Daylight Time ,Alaska,Noatak  
 Alaska Daylight Time ,Alaska,Nome  
 Alaska Daylight Time ,Alaska,Nondalton  
 Alaska Daylight Time ,Alaska,Noorvik  
 Alaska Daylight Time ,Alaska,North Pole 
 Alaska Daylight Time ,Alaska,Northway  
 Alaska Daylight Time ,Alaska,Nuiqsut  
 Alaska Daylight Time ,Alaska,Nulato  
 Alaska Daylight Time ,Alaska,Nunam Iqua 
 Alaska Daylight Time ,Alaska,Nunapitchuk  
 Alaska Daylight Time ,Alaska,Old Harbor 
 Alaska Daylight Time ,Alaska,Ouzinkie  
 Alaska Daylight Time ,Alaska,Palmer  
 Alaska Daylight Time ,Alaska,Pedro Bay 
 Alaska Daylight Time ,Alaska,Pelican  
 Alaska Daylight Time ,Alaska,Perryville  
 Alaska Daylight Time ,Alaska,Petersburg  
 Alaska Daylight Time ,Alaska,Pilot Point 
 Alaska Daylight Time ,Alaska,Pilot Station 
 Alaska Daylight Time ,Alaska,Platinum  
 Alaska Daylight Time ,Alaska,Point Baker 
 Alaska Daylight Time ,Alaska,Point Hope 
 Alaska Daylight Time ,Alaska,Point Lay 
 Alaska Daylight Time ,Alaska,Port Alexander 
 Alaska Daylight Time ,Alaska,Port Alsworth 
 Alaska Daylight Time ,Alaska,Port Heiden 
 Alaska Daylight Time ,Alaska,Port Lions 
 Alaska Daylight Time ,Alaska,Prudhoe Bay 
 Alaska Daylight Time ,Alaska,Quinhagak  
 Alaska Daylight Time ,Alaska,Rampart  
 Alaska Daylight Time ,Alaska,Red Devil 
 Alaska Daylight Time ,Alaska,Ruby  
 Alaska Daylight Time ,Alaska,Russian Mission 
 Hawaii-Aleutian Daylight Time ,Alaska,Saint George Island
 Alaska Daylight Time ,Alaska,Saint Marys 
 Alaska Daylight Time ,Alaska,Saint Michael 
 Hawaii-Aleutian Daylight Time ,Alaska,Saint Paul Island
 Alaska Daylight Time ,Alaska,Salcha  
 Alaska Daylight Time ,Alaska,Sand Point 
 Alaska Daylight Time ,Alaska,Savoonga  
 Alaska Daylight Time ,Alaska,Scammon Bay 
 Alaska Daylight Time ,Alaska,Selawik  
 Alaska Daylight Time ,Alaska,Seldovia  
 Alaska Daylight Time ,Alaska,Seward  
 Alaska Daylight Time ,Alaska,Shageluk  
 Alaska Daylight Time ,Alaska,Shaktoolik  
 Alaska Daylight Time ,Alaska,Shishmaref  
 Alaska Daylight Time ,Alaska,Shungnak  
 Alaska Daylight Time ,Alaska,Sitka  
 Alaska Daylight Time ,Alaska,Skagway  
 Alaska Daylight Time ,Alaska,Skwentna  
 Alaska Daylight Time ,Alaska,Sleetmute  
 Alaska Daylight Time ,Alaska,Soldotna  
 Alaska Daylight Time ,Alaska,South Naknek 
 Alaska Daylight Time ,Alaska,Stebbins  
 Alaska Daylight Time ,Alaska,Sterling  
 Alaska Daylight Time ,Alaska,Stevens Village 
 Alaska Daylight Time ,Alaska,Sutton  
 Alaska Daylight Time ,Alaska,Takotna  
 Alaska Daylight Time ,Alaska,Talkeetna  
 Alaska Daylight Time ,Alaska,Tanacross  
 Alaska Daylight Time ,Alaska,Tanana  
 Alaska Daylight Time ,Alaska,Tatitlek  
 Alaska Daylight Time ,Alaska,Teller  
 Alaska Daylight Time ,Alaska,Tenakee Springs 
 Alaska Daylight Time ,Alaska,Thorne Bay 
 Alaska Daylight Time ,Alaska,Togiak  
 Alaska Daylight Time ,Alaska,Tok  
 Alaska Daylight Time ,Alaska,Toksook Bay 
 Alaska Daylight Time ,Alaska,Trapper Creek 
 Alaska Daylight Time ,Alaska,Tuluksak  
 Alaska Daylight Time ,Alaska,Tuntutuliak  
 Alaska Daylight Time ,Alaska,Tununak  
 Alaska Daylight Time ,Alaska,Two Rivers 
 Alaska Daylight Time ,Alaska,Tyonek  
 Alaska Daylight Time ,Alaska,Unalakleet  
 Hawaii-Aleutian Daylight Time ,Alaska,Unalaska  
 Alaska Daylight Time ,Alaska,Valdez  
 Alaska Daylight Time ,Alaska,Venetie  
 Alaska Daylight Time ,Alaska,Wainwright  
 Alaska Daylight Time ,Alaska,Wales  
 Alaska Daylight Time ,Alaska,Ward Cove 
 Alaska Daylight Time ,Alaska,Wasilla  
 Alaska Daylight Time ,Alaska,White Mountain 
 Alaska Daylight Time ,Alaska,Whittier  
 Alaska Daylight Time ,Alaska,Willow  
 Alaska Daylight Time ,Alaska,Wrangell  
 Alaska Daylight Time ,Alaska,Yakutat  
 Central Daylight Time ,Alabama,Abbeville  
 Central Daylight Time ,Alabama,Abernant  
 Central Daylight Time ,Alabama,Adamsville  
 Central Daylight Time ,Alabama,Addison  
 Central Daylight Time ,Alabama,Adger  
 Central Daylight Time ,Alabama,Akron  
 Central Daylight Time ,Alabama,Alabaster  
 Central Daylight Time ,Alabama,Alberta  
 Central Daylight Time ,Alabama,Albertville  
 Central Daylight Time ,Alabama,Alexander City 
 Central Daylight Time ,Alabama,Alexandria  
 Central Daylight Time ,Alabama,Aliceville  
 Central Daylight Time ,Alabama,Allgood  
 Central Daylight Time ,Alabama,Alma  
 Central Daylight Time ,Alabama,Alpine  
 Central Daylight Time ,Alabama,Alton  
 Central Daylight Time ,Alabama,Altoona  
 Central Daylight Time ,Alabama,Andalusia  
 Central Daylight Time ,Alabama,Anderson  
 Central Daylight Time ,Alabama,Annemanie  
 Central Daylight Time ,Alabama,Anniston  
 Central Daylight Time ,Alabama,Arab  
 Central Daylight Time ,Alabama,Ardmore  
 Central Daylight Time ,Alabama,Ariton  
 Central Daylight Time ,Alabama,Arley  
 Central Daylight Time ,Alabama,Arlington  
 Central Daylight Time ,Alabama,Ashford  
 Central Daylight Time ,Alabama,Ashland  
 Central Daylight Time ,Alabama,Ashville  
 Central Daylight Time ,Alabama,Athens  
 Central Daylight Time ,Alabama,Atmore  
 Central Daylight Time ,Alabama,Attalla  
 Central Daylight Time ,Alabama,Auburn  
 Central Daylight Time ,Alabama,Auburn University 
 Central Daylight Time ,Alabama,Autaugaville  
 Central Daylight Time ,Alabama,Axis  
 Central Daylight Time ,Alabama,Baileyton  
 Central Daylight Time ,Alabama,Banks  
 Central Daylight Time ,Alabama,Bankston  
 Central Daylight Time ,Alabama,Bay Minette 
 Central Daylight Time ,Alabama,Bayou La Batre
 Central Daylight Time ,Alabama,Bear Creek 
 Central Daylight Time ,Alabama,Beatrice  
 Central Daylight Time ,Alabama,Beaverton  
 Central Daylight Time ,Alabama,Belk  
 Central Daylight Time ,Alabama,Bellamy  
 Central Daylight Time ,Alabama,Belle Mina 
 Central Daylight Time ,Alabama,Bellwood  
 Central Daylight Time ,Alabama,Berry  
 Central Daylight Time ,Alabama,Bessemer  
 Central Daylight Time ,Alabama,Billingsley  
 Central Daylight Time ,Alabama,Birmingham  
 Central Daylight Time ,Alabama,Birmingham  
 Central Daylight Time ,Alabama,Black  
 Central Daylight Time ,Alabama,Blountsville  
 Central Daylight Time ,Alabama,Boaz  
 Central Daylight Time ,Alabama,Boaz  
 Central Daylight Time ,Alabama,Boligee  
 Central Daylight Time ,Alabama,Bon Air 
 Central Daylight Time ,Alabama,Bon Secour 
 Central Daylight Time ,Alabama,Booth  
 Central Daylight Time ,Alabama,Boykin  
 Central Daylight Time ,Alabama,Brantley  
 Central Daylight Time ,Alabama,Bremen  
 Central Daylight Time ,Alabama,Brent  
 Central Daylight Time ,Alabama,Brewton  
 Central Daylight Time ,Alabama,Bridgeport  
 Central Daylight Time ,Alabama,Brierfield  
 Central Daylight Time ,Alabama,Brilliant  
 Central Daylight Time ,Alabama,Brooklyn  
 Central Daylight Time ,Alabama,Brookside  
 Central Daylight Time ,Alabama,Brookwood  
 Central Daylight Time ,Alabama,Brownsboro  
 Central Daylight Time ,Alabama,Brundidge  
 Central Daylight Time ,Alabama,Bryant  
 Central Daylight Time ,Alabama,Bucks  
 Central Daylight Time ,Alabama,Buhl  
 Central Daylight Time ,Alabama,Burnt Corn 
 Central Daylight Time ,Alabama,Burnwell  
 Central Daylight Time ,Alabama,Butler  
 Central Daylight Time ,Alabama,Bynum  
 Central Daylight Time ,Alabama,Calera  
 Central Daylight Time ,Alabama,Calvert  
 Central Daylight Time ,Alabama,Camden  
 Central Daylight Time ,Alabama,Camp Hill 
 Central Daylight Time ,Alabama,Campbell  
 Central Daylight Time ,Alabama,Capshaw  
 Central Daylight Time ,Alabama,Carbon Hill 
 Central Daylight Time ,Alabama,Cardiff  
 Central Daylight Time ,Alabama,Carlton  
 Central Daylight Time ,Alabama,Carrollton  
 Central Daylight Time ,Alabama,Castleberry  
 Central Daylight Time ,Alabama,Catherine  
 Central Daylight Time ,Alabama,Cecil  
 Central Daylight Time ,Alabama,Cedar Bluff 
 Central Daylight Time ,Alabama,Centre  
 Central Daylight Time ,Alabama,Centreville  
 Central Daylight Time ,Alabama,Chancellor  
 Central Daylight Time ,Alabama,Chapman  
 Central Daylight Time ,Alabama,Chatom  
 Central Daylight Time ,Alabama,Chelsea  
 Central Daylight Time ,Alabama,Cherokee  
 Central Daylight Time ,Alabama,Childersburg  
 Central Daylight Time ,Alabama,Choccolocco  
 Central Daylight Time ,Alabama,Chunchula  
 Central Daylight Time ,Alabama,Citronelle  
 Central Daylight Time ,Alabama,Clanton  
 Central Daylight Time ,Alabama,Clay  
 Central Daylight Time ,Alabama,Clayton  
 Central Daylight Time ,Alabama,Cleveland  
 Central Daylight Time ,Alabama,Clinton  
 Central Daylight Time ,Alabama,Clio  
 Central Daylight Time ,Alabama,Clopton  
 Central Daylight Time ,Alabama,Cloverdale  
 Central Daylight Time ,Alabama,Coaling  
 Central Daylight Time ,Alabama,Coden  
 Central Daylight Time ,Alabama,Coffee Springs 
 Central Daylight Time ,Alabama,Coffeeville  
 Central Daylight Time ,Alabama,Coker  
 Central Daylight Time ,Alabama,Collinsville  
 Central Daylight Time ,Alabama,Columbia  
 Central Daylight Time ,Alabama,Columbiana  
 Central Daylight Time ,Alabama,Cook Springs 
 Central Daylight Time ,Alabama,Coosada  
 Central Daylight Time ,Alabama,Cordova  
 Central Daylight Time ,Alabama,Cottondale  
 Central Daylight Time ,Alabama,Cottonton  
 Central Daylight Time ,Alabama,Cottonwood  
 Central Daylight Time ,Alabama,Courtland  
 Central Daylight Time ,Alabama,Cowarts  
 Central Daylight Time ,Alabama,Coy  
 Central Daylight Time ,Alabama,Cragford  
 Central Daylight Time ,Alabama,Crane Hill 
 Central Daylight Time ,Alabama,Creola  
 Central Daylight Time ,Alabama,Cropwell  
 Central Daylight Time ,Alabama,Crossville  
 Central Daylight Time ,Alabama,Cuba  
 Central Daylight Time ,Alabama,Cullman  
 Central Daylight Time ,Alabama,Cusseta  
 Central Daylight Time ,Alabama,Dadeville  
 Central Daylight Time ,Alabama,Daleville  
 Central Daylight Time ,Alabama,Danville  
 Central Daylight Time ,Alabama,Daphne  
 Central Daylight Time ,Alabama,Dauphin Island 
 Central Daylight Time ,Alabama,Daviston  
 Central Daylight Time ,Alabama,Dawson  
 Central Daylight Time ,Alabama,De Armanville 
 Central Daylight Time ,Alabama,Deatsville  
 Central Daylight Time ,Alabama,Decatur  
 Central Daylight Time ,Alabama,Deer Park 
 Central Daylight Time ,Alabama,Delmar  
 Central Daylight Time ,Alabama,Delta  
 Central Daylight Time ,Alabama,Demopolis  
 Central Daylight Time ,Alabama,Detroit  
 Central Daylight Time ,Alabama,Dickinson  
 Central Daylight Time ,Alabama,Dixons Mills 
 Central Daylight Time ,Alabama,Docena  
 Central Daylight Time ,Alabama,Dolomite  
 Central Daylight Time ,Alabama,Dora  
 Central Daylight Time ,Alabama,Dothan  
 Central Daylight Time ,Alabama,Double Springs 
 Central Daylight Time ,Alabama,Douglas  
 Central Daylight Time ,Alabama,Dozier  
 Central Daylight Time ,Alabama,Duncanville  
 Central Daylight Time ,Alabama,Dutton  
 Central Daylight Time ,Alabama,East Tallassee 
 Central Daylight Time ,Alabama,Eastaboga  
 Central Daylight Time ,Alabama,Echola  
 Central Daylight Time ,Alabama,Eclectic  
 Central Daylight Time ,Alabama,Edwardsville  
 Central Daylight Time ,Alabama,Eight Mile 
 Central Daylight Time ,Alabama,Elba  
 Central Daylight Time ,Alabama,Elberta  
 Central Daylight Time ,Alabama,Eldridge  
 Central Daylight Time ,Alabama,Elkmont  
 Central Daylight Time ,Alabama,Elmore  
 Central Daylight Time ,Alabama,Elrod  
 Central Daylight Time ,Alabama,Emelle  
 Central Daylight Time ,Alabama,Empire  
 Central Daylight Time ,Alabama,Enterprise  
 Central Daylight Time ,Alabama,Epes  
 Central Daylight Time ,Alabama,Equality  
 Central Daylight Time ,Alabama,Estillfork  
 Central Daylight Time ,Alabama,Ethelsville  
 Central Daylight Time ,Alabama,Eufaula  
 Central Daylight Time ,Alabama,Eutaw  
 Central Daylight Time ,Alabama,Eva  
 Central Daylight Time ,Alabama,Excel  
 Central Daylight Time ,Alabama,Fackler  
 Central Daylight Time ,Alabama,Fairfield  
 Central Daylight Time ,Alabama,Fairhope  
 Central Daylight Time ,Alabama,Faunsdale  
 Central Daylight Time ,Alabama,Fayette  
 Central Daylight Time ,Alabama,Fitzpatrick  
 Central Daylight Time ,Alabama,Five Points 
 Central Daylight Time ,Alabama,Flat Rock 
 Central Daylight Time ,Alabama,Flomaton  
 Central Daylight Time ,Alabama,Florala  
 Central Daylight Time ,Alabama,Florence  
 Central Daylight Time ,Alabama,Foley  
 Central Daylight Time ,Alabama,Forest Home 
 Central Daylight Time ,Alabama,Forkland  
 Central Daylight Time ,Alabama,Fort Davis 
 Central Daylight Time ,Alabama,Fort Deposit 
 Central Daylight Time ,Alabama,Fort Mitchell 
 Central Daylight Time ,Alabama,Fort Payne 
 Central Daylight Time ,Alabama,Fort Rucker 
 Central Daylight Time ,Alabama,Fosters  
 Central Daylight Time ,Alabama,Franklin  
 Central Daylight Time ,Alabama,Frankville  
 Central Daylight Time ,Alabama,Frisco City 
 Central Daylight Time ,Alabama,Fruitdale  
 Central Daylight Time ,Alabama,Fruithurst  
 Central Daylight Time ,Alabama,Fulton  
 Central Daylight Time ,Alabama,Fultondale  
 Central Daylight Time ,Alabama,Furman  
 Central Daylight Time ,Alabama,Fyffe  
 Central Daylight Time ,Alabama,Gadsden  
 Central Daylight Time ,Alabama,Gainestown  
 Central Daylight Time ,Alabama,Gainesville  
 Central Daylight Time ,Alabama,Gallant  
 Central Daylight Time ,Alabama,Gallion  
 Central Daylight Time ,Alabama,Gantt  
 Central Daylight Time ,Alabama,Garden City 
 Central Daylight Time ,Alabama,Gardendale  
 Central Daylight Time ,Alabama,Gaylesville  
 Central Daylight Time ,Alabama,Geneva  
 Central Daylight Time ,Alabama,Georgiana  
 Central Daylight Time ,Alabama,Geraldine  
 Central Daylight Time ,Alabama,Gilbertown  
 Central Daylight Time ,Alabama,Glen Allen 
 Central Daylight Time ,Alabama,Glenwood  
 Central Daylight Time ,Alabama,Goodsprings  
 Central Daylight Time ,Alabama,Goodwater  
 Central Daylight Time ,Alabama,Goodway  
 Central Daylight Time ,Alabama,Gordo  
 Central Daylight Time ,Alabama,Gordon  
 Central Daylight Time ,Alabama,Goshen  
 Central Daylight Time ,Alabama,Grady  
 Central Daylight Time ,Alabama,Graham  
 Central Daylight Time ,Alabama,Grand Bay 
 Central Daylight Time ,Alabama,Grant  
 Central Daylight Time ,Alabama,Graysville  
 Central Daylight Time ,Alabama,Green Pond 
 Central Daylight Time ,Alabama,Greensboro  
 Central Daylight Time ,Alabama,Greenville  
 Central Daylight Time ,Alabama,Grove Hill 
 Central Daylight Time ,Alabama,Groveoak  
 Central Daylight Time ,Alabama,Guin  
 Central Daylight Time ,Alabama,Gulf Shores 
 Central Daylight Time ,Alabama,Guntersville  
 Central Daylight Time ,Alabama,Gurley  
 Central Daylight Time ,Alabama,Hackleburg  
 Central Daylight Time ,Alabama,Haleyville  
 Central Daylight Time ,Alabama,Hamilton  
 Central Daylight Time ,Alabama,Hanceville  
 Central Daylight Time ,Alabama,Hardaway  
 Central Daylight Time ,Alabama,Harpersville  
 Central Daylight Time ,Alabama,Hartford  
 Central Daylight Time ,Alabama,Hartselle  
 Central Daylight Time ,Alabama,Harvest  
 Central Daylight Time ,Alabama,Hatchechubbee  
 Central Daylight Time ,Alabama,Hayden  
 Central Daylight Time ,Alabama,Hayneville  
 Central Daylight Time ,Alabama,Hazel Green 
 Central Daylight Time ,Alabama,Headland  
 Central Daylight Time ,Alabama,Heflin  
 Central Daylight Time ,Alabama,Helena  
 Central Daylight Time ,Alabama,Henagar  
 Central Daylight Time ,Alabama,Higdon  
 Central Daylight Time ,Alabama,Highland Home 
 Central Daylight Time ,Alabama,Hillsboro  
 Central Daylight Time ,Alabama,Hodges  
 Central Daylight Time ,Alabama,Hollins  
 Central Daylight Time ,Alabama,Holly Pond 
 Central Daylight Time ,Alabama,Hollytree  
 Central Daylight Time ,Alabama,Hollywood  
 Central Daylight Time ,Alabama,Holy Trinity 
 Central Daylight Time ,Alabama,Honoraville  
 Central Daylight Time ,Alabama,Hope Hull 
 Central Daylight Time ,Alabama,Horton  
 Central Daylight Time ,Alabama,Houston  
 Central Daylight Time ,Alabama,Huntsville  
 Central Daylight Time ,Alabama,Hurtsboro  
 Central Daylight Time ,Alabama,Huxford  
 Central Daylight Time ,Alabama,Ider  
 Central Daylight Time ,Alabama,Irvington  
 Central Daylight Time ,Alabama,Jachin  
 Central Daylight Time ,Alabama,Jack  
 Central Daylight Time ,Alabama,Jackson  
 Central Daylight Time ,Alabama,Jacksons Gap 
 Central Daylight Time ,Alabama,Jacksonville  
 Central Daylight Time ,Alabama,Jasper  
 Central Daylight Time ,Alabama,Jefferson  
 Central Daylight Time ,Alabama,Jemison  
 Central Daylight Time ,Alabama,Jones  
 Central Daylight Time ,Alabama,Joppa  
 Central Daylight Time ,Alabama,Kansas  
 Central Daylight Time ,Alabama,Kellerman  
 Central Daylight Time ,Alabama,Kellyton  
 Central Daylight Time ,Alabama,Kennedy  
 Central Daylight Time ,Alabama,Kent  
 Central Daylight Time ,Alabama,Killen  
 Central Daylight Time ,Alabama,Kimberly  
 Central Daylight Time ,Alabama,Kinston  
 Central Daylight Time ,Alabama,Knoxville  
 Central Daylight Time ,Alabama,Laceys Spring 
 Central Daylight Time ,Alabama,Lafayette  
 Central Daylight Time ,Alabama,Lanett  
 Central Daylight Time ,Alabama,Langston  
 Central Daylight Time ,Alabama,Lapine  
 Central Daylight Time ,Alabama,Lawley  
 Central Daylight Time ,Alabama,Leeds  
 Central Daylight Time ,Alabama,Leesburg  
 Central Daylight Time ,Alabama,Leighton  
 Central Daylight Time ,Alabama,Lenox  
 Central Daylight Time ,Alabama,Leroy  
 Central Daylight Time ,Alabama,Lester  
 Central Daylight Time ,Alabama,Letohatchee  
 Central Daylight Time ,Alabama,Lexington  
 Central Daylight Time ,Alabama,Lillian  
 Central Daylight Time ,Alabama,Lincoln  
 Central Daylight Time ,Alabama,Linden  
 Central Daylight Time ,Alabama,Lineville  
 Central Daylight Time ,Alabama,Lisman  
 Central Daylight Time ,Alabama,Little River 
 Central Daylight Time ,Alabama,Livingston  
 Central Daylight Time ,Alabama,Loachapoka  
 Central Daylight Time ,Alabama,Lockhart  
 Central Daylight Time ,Alabama,Locust Fork 
 Central Daylight Time ,Alabama,Louisville  
 Central Daylight Time ,Alabama,Lower Peach Tree
 Central Daylight Time ,Alabama,Lowndesboro  
 Central Daylight Time ,Alabama,Loxley  
 Central Daylight Time ,Alabama,Luverne  
 Central Daylight Time ,Alabama,Lynn  
 Central Daylight Time ,Alabama,Madison  
 Central Daylight Time ,Alabama,Madison  
 Central Daylight Time ,Alabama,Magnolia  
 Central Daylight Time ,Alabama,Magnolia Springs 
 Central Daylight Time ,Alabama,Malcolm  
 Central Daylight Time ,Alabama,Malvern  
 Central Daylight Time ,Alabama,Maplesville  
 Central Daylight Time ,Alabama,Marbury  
 Central Daylight Time ,Alabama,Margaret  
 Central Daylight Time ,Alabama,Marion  
 Central Daylight Time ,Alabama,Marion Junction 
 Central Daylight Time ,Alabama,Mathews  
 Central Daylight Time ,Alabama,Maylene  
 Central Daylight Time ,Alabama,Mc Calla 
 Central Daylight Time ,Alabama,Mc Intosh 
 Central Daylight Time ,Alabama,Mc Kenzie 
 Central Daylight Time ,Alabama,Mc Shan 
 Central Daylight Time ,Alabama,Mc Williams 
 Central Daylight Time ,Alabama,Megargel  
 Central Daylight Time ,Alabama,Melvin  
 Central Daylight Time ,Alabama,Mentone  
 Central Daylight Time ,Alabama,Meridianville  
 Central Daylight Time ,Alabama,Mexia  
 Central Daylight Time ,Alabama,Midland City 
 Central Daylight Time ,Alabama,Midway  
 Central Daylight Time ,Alabama,Millbrook  
 Central Daylight Time ,Alabama,Millerville  
 Central Daylight Time ,Alabama,Millport  
 Central Daylight Time ,Alabama,Millry  
 Central Daylight Time ,Alabama,Minter  
 Central Daylight Time ,Alabama,Mobile  
 Central Daylight Time ,Alabama,Monroeville  
 Central Daylight Time ,Alabama,Montevallo  
 Central Daylight Time ,Alabama,Montgomery  
 Central Daylight Time ,Alabama,Montrose  
 Central Daylight Time ,Alabama,Moody  
 Central Daylight Time ,Alabama,Mooresville  
 Central Daylight Time ,Alabama,Morris  
 Central Daylight Time ,Alabama,Morvin  
 Central Daylight Time ,Alabama,Moulton  
 Central Daylight Time ,Alabama,Moundville  
 Central Daylight Time ,Alabama,Mount Hope 
 Central Daylight Time ,Alabama,Mount Meigs 
 Central Daylight Time ,Alabama,Mount Olive 
 Central Daylight Time ,Alabama,Mount Vernon 
 Central Daylight Time ,Alabama,Mulga  
 Central Daylight Time ,Alabama,Munford  
 Central Daylight Time ,Alabama,Muscadine  
 Central Daylight Time ,Alabama,Muscle Shoals 
 Central Daylight Time ,Alabama,Myrtlewood  
 Central Daylight Time ,Alabama,Nanafalia  
 Central Daylight Time ,Alabama,Natural Bridge 
 Central Daylight Time ,Alabama,Nauvoo  
 Central Daylight Time ,Alabama,Needham  
 Central Daylight Time ,Alabama,New Brockton 
 Central Daylight Time ,Alabama,New Castle 
 Central Daylight Time ,Alabama,New Hope 
 Central Daylight Time ,Alabama,New Market 
 Central Daylight Time ,Alabama,Newbern  
 Central Daylight Time ,Alabama,Newton  
 Central Daylight Time ,Alabama,Newville  
 Central Daylight Time ,Alabama,Normal  
 Central Daylight Time ,Alabama,Northport  
 Central Daylight Time ,Alabama,Notasulga  
 Central Daylight Time ,Alabama,Oak Hill 
 Central Daylight Time ,Alabama,Oakman  
 Central Daylight Time ,Alabama,Odenville  
 Central Daylight Time ,Alabama,Ohatchee  
 Central Daylight Time ,Alabama,Oneonta  
 Central Daylight Time ,Alabama,Opelika  
 Central Daylight Time ,Alabama,Opp  
 Central Daylight Time ,Alabama,Orange Beach 
 Central Daylight Time ,Alabama,Orrville  
 Central Daylight Time ,Alabama,Owens Cross Roads
 Central Daylight Time ,Alabama,Oxford  
 Central Daylight Time ,Alabama,Ozark  
 Central Daylight Time ,Alabama,Paint Rock 
 Central Daylight Time ,Alabama,Palmerdale  
 Central Daylight Time ,Alabama,Panola  
 Central Daylight Time ,Alabama,Pansey  
 Central Daylight Time ,Alabama,Parrish  
 Central Daylight Time ,Alabama,Pelham  
 Central Daylight Time ,Alabama,Pell City 
 Central Daylight Time ,Alabama,Pennington  
 Central Daylight Time ,Alabama,Perdido  
 Central Daylight Time ,Alabama,Perdue Hill 
 Central Daylight Time ,Alabama,Perote  
 Central Daylight Time ,Alabama,Peterman  
 Central Daylight Time ,Alabama,Peterson  
 Central Daylight Time ,Alabama,Petrey  
 Central Daylight Time ,Alabama,Phenix City 
 Central Daylight Time ,Alabama,Phenix City 
 Central Daylight Time ,Alabama,Phil Campbell 
 Central Daylight Time ,Alabama,Piedmont  
 Central Daylight Time ,Alabama,Pike Road 
 Central Daylight Time ,Alabama,Pinckard  
 Central Daylight Time ,Alabama,Pine Apple 
 Central Daylight Time ,Alabama,Pine Hill 
 Central Daylight Time ,Alabama,Pine Level 
 Central Daylight Time ,Alabama,Pinson  
 Central Daylight Time ,Alabama,Pisgah  
 Central Daylight Time ,Alabama,Pittsview  
 Central Daylight Time ,Alabama,Plantersville  
 Central Daylight Time ,Alabama,Pleasant Grove 
 Central Daylight Time ,Alabama,Point Clear 
 Central Daylight Time ,Alabama,Prattville  
 Central Daylight Time ,Alabama,Princeton  
 Central Daylight Time ,Alabama,Quinton  
 Central Daylight Time ,Alabama,Ragland  
 Central Daylight Time ,Alabama,Rainsville  
 Central Daylight Time ,Alabama,Ralph  
 Central Daylight Time ,Alabama,Ramer  
 Central Daylight Time ,Alabama,Ranburne  
 Central Daylight Time ,Alabama,Randolph  
 Central Daylight Time ,Alabama,Range  
 Central Daylight Time ,Alabama,Red Bay 
 Central Daylight Time ,Alabama,Red Level 
 Central Daylight Time ,Alabama,Reform  
 Central Daylight Time ,Alabama,Remlap  
 Central Daylight Time ,Alabama,Repton  
 Central Daylight Time ,Alabama,River Falls 
 Central Daylight Time ,Alabama,Riverside  
 Central Daylight Time ,Alabama,Roanoke  
 Central Daylight Time ,Alabama,Robertsdale  
 Central Daylight Time ,Alabama,Rockford  
 Central Daylight Time ,Alabama,Rogersville  
 Central Daylight Time ,Alabama,Russellville  
 Central Daylight Time ,Alabama,Rutledge  
 Central Daylight Time ,Alabama,Ryland  
 Central Daylight Time ,Alabama,Safford  
 Central Daylight Time ,Alabama,Saginaw  
 Central Daylight Time ,Alabama,Saint Elmo 
 Central Daylight Time ,Alabama,Saint Stephens 
 Central Daylight Time ,Alabama,Salem  
 Central Daylight Time ,Alabama,Samantha  
 Central Daylight Time ,Alabama,Samson  
 Central Daylight Time ,Alabama,Saraland  
 Central Daylight Time ,Alabama,Sardis  
 Central Daylight Time ,Alabama,Satsuma  
 Central Daylight Time ,Alabama,Sawyerville  
 Central Daylight Time ,Alabama,Sayre  
 Central Daylight Time ,Alabama,Scottsboro  
 Central Daylight Time ,Alabama,Seale  
 Central Daylight Time ,Alabama,Section  
 Central Daylight Time ,Alabama,Selma  
 Central Daylight Time ,Alabama,Seminole  
 Central Daylight Time ,Alabama,Semmes  
 Central Daylight Time ,Alabama,Shannon  
 Central Daylight Time ,Alabama,Sheffield  
 Central Daylight Time ,Alabama,Shelby  
 Central Daylight Time ,Alabama,Shorter  
 Central Daylight Time ,Alabama,Shorterville  
 Central Daylight Time ,Alabama,Silas  
 Central Daylight Time ,Alabama,Siluria  
 Central Daylight Time ,Alabama,Silverhill  
 Central Daylight Time ,Alabama,Sipsey  
 Central Daylight Time ,Alabama,Skipperville  
 Central Daylight Time ,Alabama,Slocomb  
 Central Daylight Time ,Alabama,Smiths Station 
 Central Daylight Time ,Alabama,Somerville  
 Central Daylight Time ,Alabama,Spanish Fort 
 Central Daylight Time ,Alabama,Spring Garden 
 Central Daylight Time ,Alabama,Springville  
 Central Daylight Time ,Alabama,Spruce Pine 
 Central Daylight Time ,Alabama,Stanton  
 Central Daylight Time ,Alabama,Stapleton  
 Central Daylight Time ,Alabama,Steele  
 Central Daylight Time ,Alabama,Sterrett  
 Central Daylight Time ,Alabama,Stevenson  
 Central Daylight Time ,Alabama,Stockton  
 Central Daylight Time ,Alabama,Sulligent  
 Central Daylight Time ,Alabama,Sumiton  
 Central Daylight Time ,Alabama,Summerdale  
 Central Daylight Time ,Alabama,Sunflower  
 Central Daylight Time ,Alabama,Sweet Water 
 Central Daylight Time ,Alabama,Sycamore  
 Central Daylight Time ,Alabama,Sylacauga  
 Central Daylight Time ,Alabama,Sylvania  
 Central Daylight Time ,Alabama,Talladega  
 Central Daylight Time ,Alabama,Tallassee  
 Central Daylight Time ,Alabama,Tanner  
 Central Daylight Time ,Alabama,Theodore  
 Central Daylight Time ,Alabama,Thomaston  
 Central Daylight Time ,Alabama,Thomasville  
 Central Daylight Time ,Alabama,Thorsby  
 Central Daylight Time ,Alabama,Tibbie  
 Central Daylight Time ,Alabama,Titus  
 Central Daylight Time ,Alabama,Toney  
 Central Daylight Time ,Alabama,Town Creek 
 Central Daylight Time ,Alabama,Townley  
 Central Daylight Time ,Alabama,Toxey  
 Central Daylight Time ,Alabama,Trafford  
 Central Daylight Time ,Alabama,Trenton  
 Central Daylight Time ,Alabama,Trinity  
 Central Daylight Time ,Alabama,Troy  
 Central Daylight Time ,Alabama,Trussville  
 Central Daylight Time ,Alabama,Tuscaloosa  
 Central Daylight Time ,Alabama,Tuscumbia  
 Central Daylight Time ,Alabama,Tuskegee  
 Central Daylight Time ,Alabama,Tuskegee Institute 
 Central Daylight Time ,Alabama,Tyler  
 Central Daylight Time ,Alabama,Union Grove 
 Central Daylight Time ,Alabama,Union Springs 
 Central Daylight Time ,Alabama,Uniontown  
 Central Daylight Time ,Alabama,Uriah  
 Central Daylight Time ,Alabama,Valhermoso Springs 
 Central Daylight Time ,Alabama,Valley  
 Central Daylight Time ,Alabama,Valley  
 Central Daylight Time ,Alabama,Valley Head 
 Central Daylight Time ,Alabama,Vance  
 Central Daylight Time ,Alabama,Vandiver  
 Central Daylight Time ,Alabama,Verbena  
 Central Daylight Time ,Alabama,Vernon  
 Central Daylight Time ,Alabama,Vina  
 Central Daylight Time ,Alabama,Vincent  
 Central Daylight Time ,Alabama,Vinegar Bend 
 Central Daylight Time ,Alabama,Vinemont  
 Central Daylight Time ,Alabama,Vredenburgh  
 Central Daylight Time ,Alabama,Wadley  
 Central Daylight Time ,Alabama,Wagarville  
 Central Daylight Time ,Alabama,Walnut Grove 
 Central Daylight Time ,Alabama,Ward  
 Central Daylight Time ,Alabama,Warrior  
 Central Daylight Time ,Alabama,Waterloo  
 Central Daylight Time ,Alabama,Watson  
 Central Daylight Time ,Alabama,Wattsville  
 Central Daylight Time ,Alabama,Waverly  
 Central Daylight Time ,Alabama,Weaver  
 Central Daylight Time ,Alabama,Webb  
 Central Daylight Time ,Alabama,Wedowee  
 Central Daylight Time ,Alabama,Wellington  
 Central Daylight Time ,Alabama,Weogufka  
 Central Daylight Time ,Alabama,West Blocton 
 Central Daylight Time ,Alabama,West Greene 
 Central Daylight Time ,Alabama,Westover  
 Central Daylight Time ,Alabama,Wetumpka  
 Central Daylight Time ,Alabama,Whatley  
 Central Daylight Time ,Alabama,Wilmer  
 Central Daylight Time ,Alabama,Wilsonville  
 Central Daylight Time ,Alabama,Wilton  
 Central Daylight Time ,Alabama,Winfield  
 Central Daylight Time ,Alabama,Wing  
 Central Daylight Time ,Alabama,Woodland  
 Central Daylight Time ,Alabama,Woodstock  
 Central Daylight Time ,Alabama,Woodville  
 Central Daylight Time,Alabama,York  
